Name,Link,Price
Polar Rib 2 Stripes Socks White/Cherry,"https://www.skatewarehouse.com/Polar_Rib_2_Stripes_Socks/descpage-PLRRWSO.html?color=WH2",5.98
Dickies Mike Anderson Graphic T-Shirt Natural,"https://www.skatewarehouse.com/Dickies_Mike_Anderson_Graphic_T-Shirt/descpage-DKMANTS.html?color=TN",8.98
Vans Left Chest Logo T-Shirt Navy,"https://www.skatewarehouse.com/Vans_Left_Chest_Logo_T-Shirt/descpage-VALCNTS.html?color=NV",9.98
Santa Cruz Drift Strip 2 Pack Socks Moss/Red,"https://www.skatewarehouse.com/Santa_Cruz_Drift_Strip_2_Pack_Socks/descpage-SCMRSO.html?color=AST",9.98
Real Spot Conservators Cuff Beanie Orange,"https://www.skatewarehouse.com/Real_Spot_Conservators_Cuff_Beanie/descpage-RLSCOBN.html?color=OR",9.98
Toy Machine Toy Division T-Shirt Black,"https://www.skatewarehouse.com/Toy_Machine_Toy_Division_T-Shirt/descpage-TMTDXTS.html?color=BK",11.98
HUF Fuck It Old English Socks Black,"https://www.skatewarehouse.com/HUF_Fuck_It_Old_English_Socks/descpage-HUFIXSO.html?color=BK",11.98
HUF Sector Plantlife Socks Safety Green,"https://www.skatewarehouse.com/HUF_Sector_Plantlife_Socks/descpage-HUSPGSO.html?color=GN",11.98
Santa Cruz Roskopp Screaming Five T-Shirt Vegas Gold,"https://www.skatewarehouse.com/Santa_Cruz_Roskopp_Screaming_Five_T-Shirt/descpage-SCRVGTS.html?color=TN",12.98
Thrasher x Spitfire Thrash & Burn T-Shirt Military,"https://www.skatewarehouse.com/Thrasher_x_Spitfire_Thrash__Burn_T-Shirt/descpage-THSBMTS.html?color=GN",12.98
Independent Tools of the Trade T-Shirt Black,"https://www.skatewarehouse.com/Independent_Tools_of_the_Trade_T-Shirt/descpage-INTBKTS.html?color=BK",12.98
Independent Tools of the Trade T-Shirt Sport Grey,"https://www.skatewarehouse.com/Independent_Tools_of_the_Trade_T-Shirt/descpage-INTBGTS.html?color=GY",12.98
Santa Cruz Outer OGSC T-Shirt Stone Blue,"https://www.skatewarehouse.com/Santa_Cruz_Outer_OGSC_T-Shirt/descpage-SCOSBTS.html?color=BL2",12.98
Santa Cruz Roskopp Screaming Five T-Shirt Black,"https://www.skatewarehouse.com/Santa_Cruz_Roskopp_Screaming_Five_T-Shirt/descpage-SCRFBTS.html?color=BK",12.98
Independent Scroll 2 T-Shirt Natural,"https://www.skatewarehouse.com/Independent_Scroll_2_T-Shirt/descpage-INSNTS.html?color=WH",12.98
Independent Groundwork T-Shirt Prairie Dust,"https://www.skatewarehouse.com/Independent_Groundwork_T-Shirt/descpage-INGPDTS.html?color=TN",12.98
Adidas FSBS Cap Hat Dusky Bronze,"https://www.skatewarehouse.com/Adidas_FSBS_Cap_Hat/descpage-ADFSOHT.html?color=BR",12.98
Adidas FSBS Cap Hat Black,"https://www.skatewarehouse.com/Adidas_FSBS_Cap_Hat/descpage-ADFSHT.html?color=BK",12.98
Santa Cruz Wooten Dystopia T-Shirt Black,"https://www.skatewarehouse.com/Santa_Cruz_Wooten_Dystopia_T-Shirt/descpage-SCWDBTS.html?color=BK",12.98
Santa Cruz Outer OGSC T-Shirt Black,"https://www.skatewarehouse.com/Santa_Cruz_Outer_OGSC_T-Shirt/descpage-SCOUBTS.html?color=BK",12.98
Santa Cruz Salba Voodoo Pit Snapback Hat,"https://www.skatewarehouse.com/Santa_Cruz_Salba_Voodoo_Pit_Snapback_Hat/descpage-SCVPHT.html?color=BK",12.98
Santa Cruz Drift Strip 2 Pack Socks White/Black,"https://www.skatewarehouse.com/Santa_Cruz_Drift_Strip_2_Pack_Socks/descpage-SCWBSO.html?color=WH",12.98
Girl Shacky OG T-Shirt Tan,"https://www.skatewarehouse.com/Girl_Shacky_OG_T-Shirt/descpage-GIOTNTS.html?color=TN",12.98
Dickies x Thrasher T-Shirt White,"https://www.skatewarehouse.com/Dickies_x_Thrasher_T-Shirt/descpage-DKDTWTS.html?color=WH",12.98
Thrasher x Spitfire Thrash & Burn T-Shirt Black,"https://www.skatewarehouse.com/Thrasher_x_Spitfire_Thrash__Burn_T-Shirt/descpage-THSBXTS.html?color=BK",12.98
Santa Cruz Natas Sketch Panther T-Shirt Black,"https://www.skatewarehouse.com/Santa_Cruz_Natas_Sketch_Panther_T-Shirt/descpage-SCNSBTS.html?color=BK",14.98
Santa Cruz Collage Oval Dot T-Shirt Black,"https://www.skatewarehouse.com/Santa_Cruz_Collage_Oval_Dot_T-Shirt/descpage-SCCODTS.html?color=BK",14.98
Santa Cruz Ad Collage T-Shirt Black,"https://www.skatewarehouse.com/Santa_Cruz_Ad_Collage_T-Shirt/descpage-SCACBTS.html?color=BK",14.98
Thrasher x Spitfire SF Loc T-Shirt Sport Grey,"https://www.skatewarehouse.com/Thrasher_x_Spitfire_SF_Loc_T-Shirt/descpage-THSSGTS.html?color=LG",14.98
Santa Cruz Natas Sketch Panther T-Shirt Burgundy,"https://www.skatewarehouse.com/Santa_Cruz_Natas_Sketch_Panther_T-Shirt/descpage-SCNSUTS.html?color=PU",14.98
Santa Cruz Ad Collage T-Shirt Orchid,"https://www.skatewarehouse.com/Santa_Cruz_Ad_Collage_T-Shirt/descpage-SCACOTS.html?color=PU",14.98
Santa Cruz Loco Dot T-Shirt Black,"https://www.skatewarehouse.com/Santa_Cruz_Loco_Dot_T-Shirt/descpage-SCLCBTS.html?color=BK",14.98
Poets Hanna T-Shirt,"https://www.skatewarehouse.com/Poets_Hanna_T-Shirt/descpage-POHATS.html?color=RD",14.98
Primitive Spin Skullcap Beanie Black,"https://www.skatewarehouse.com/Primitive_Spin_Skullcap_Beanie/descpage-PRSPXBN.html?color=BK",14.98
Independent Tools of The Trade Snapback Hat Black,"https://www.skatewarehouse.com/Independent_Tools_of_The_Trade_Snapback_Hat/descpage-INTOHT.html?color=BK",14.98
Brixton Repair Shop Snapback Hat Primal Green,"https://www.skatewarehouse.com/Brixton_Repair_Shop_Snapback_Hat/descpage-BXRSGHT.html?color=GN",14.98
Santa Cruz Roskopp Block Face T-Shirt White,"https://www.skatewarehouse.com/Santa_Cruz_Roskopp_Block_Face_T-Shirt/descpage-SCRBWTS.html?color=WH",14.98
Thrasher x Spitfire Bighead Outline T-Shirt Black,"https://www.skatewarehouse.com/Thrasher_x_Spitfire_Bighead_Outline_T-Shirt/descpage-THSHXTS.html?color=BK",14.98
Thrasher x Spitfire The End Oath T-Shirt White,"https://www.skatewarehouse.com/Thrasher_x_Spitfire_The_End_Oath_T-Shirt/descpage-THSOWTS.html?color=WH",14.98
Spitfire Shroom Bighead T-Shirt Black,"https://www.skatewarehouse.com/Spitfire_Shroom_Bighead_T-Shirt/descpage-SFSBXTS.html?color=BK",14.98
Santa Cruz Salba Voodoo Frame T-Shirt Black,"https://www.skatewarehouse.com/Santa_Cruz_Salba_Voodoo_Frame_T-Shirt/descpage-SCSVFTS.html?color=BK",14.98
Santa Cruz Roskopp Block Face T-Shirt Black,"https://www.skatewarehouse.com/Santa_Cruz_Roskopp_Block_Face_T-Shirt/descpage-SCRBKTS.html?color=BK",14.98
FA No Brain Cuffed Beanie,"https://www.skatewarehouse.com/FA_No_Brain_Cuffed_Beanie/descpage-FANBHT.html",14.98
Theories Dance Of The Dream T-Shirt Black,"https://www.skatewarehouse.com/Theories_Dance_Of_The_Dream_T-Shirt/descpage-TEDDXTS.html?color=BK",16.98
Creature Sideshow Snapback Hat Green,"https://www.skatewarehouse.com/Creature_Sideshow_Snapback_Hat/descpage-CESGHT.html?color=GN",16.98
RVCA Matus Bison T-Shirt,"https://www.skatewarehouse.com/RVCA_Matus_Bison_T-Shirt/descpage-RCMBITS.html?color=WH",16.98
Creature Sideshow T-Shirt Black,"https://www.skatewarehouse.com/Creature_Sideshow_T-Shirt/descpage-CEBSSTS.html?color=BK",16.98
Creature Breaker Logo Outline T-Shirt Black,"https://www.skatewarehouse.com/Creature_Breaker_Logo_Outline_T-Shirt/descpage-CEBLOTS.html?color=BK",16.98
Anti Hero Pomski Balaclava Black/Orange,"https://www.skatewarehouse.com/Anti_Hero_Pomski_Balaclava/descpage-AHPBXBN.html?color=BK",16.98
Spitfire Classic '87 Swirl Patch Beanie Black/Dark Red,"https://www.skatewarehouse.com/Spitfire_Classic_87_Swirl_Patch_Beanie/descpage-SF8SXBN.html?color=BK",16.98
Real Spot Oval Cuff Beanie Black/Red,"https://www.skatewarehouse.com/Real_Spot_Oval_Cuff_Beanie/descpage-RLOXRBN.html?color=BK",16.98
Spitfire Old E Barbed T-Shirt Military Green,"https://www.skatewarehouse.com/Spitfire_Old_E_Barbed_T-Shirt/descpage-SFEBGTS.html?color=GN",16.98
Spitfire Live To Burn Classic T-Shirt Irish Green,"https://www.skatewarehouse.com/Spitfire_Live_To_Burn_Classic_T-Shirt/descpage-SFBCGTS.html?color=GN",16.98
Chocolate Crete & Street Pocket T-Shirt Heather Grey,"https://www.skatewarehouse.com/Chocolate_Crete__Street_Pocket_T-Shirt/descpage-CHCSPTS.html?color=GY",16.98
Krooked Flowers Eyes Clip Beanie Olive,"https://www.skatewarehouse.com/Krooked_Flowers_Eyes_Clip_Beanie/descpage-KKFEOBN.html?color=GN",16.98
HUF Vogel Balaclava,"https://www.skatewarehouse.com/HUF_Vogel_Balaclava/descpage-HUVGBN.html?color=BK",16.98
Creature Bonehead Flame Wash T-Shirt Natural,"https://www.skatewarehouse.com/Creature_Bonehead_Flame_Wash_T-Shirt/descpage-CEBFWTS.html?color=WH",16.98
Creature Possessed T-Shirt Black,"https://www.skatewarehouse.com/Creature_Possessed_T-Shirt/descpage-CEPSSTS.html?color=BK",16.98
Spitfire Demon Script Skully Beanie Black/Red,"https://www.skatewarehouse.com/Spitfire_Demon_Script_Skully_Beanie/descpage-SFDMXBN.html?color=BK",16.98
Creature Sideshow T-Shirt Navy,"https://www.skatewarehouse.com/Creature_Sideshow_T-Shirt/descpage-CEBSNTS.html?color=NV",16.98
Girl Dual Directional Longsleeve T-Shirt,"https://www.skatewarehouse.com/Girl_Dual_Directional_Longsleeve_T-Shirt/descpage-GIDDLTS.html?color=BK",16.98
Anti Hero Medieval T-Shirt Heather Creme,"https://www.skatewarehouse.com/Anti_Hero_Medieval_T-Shirt/descpage-AHMECTS.html?color=TN",16.98
Limosine Dropper T-Shirt,"https://www.skatewarehouse.com/Limosine_Dropper_T-Shirt/descpage-LSDRTS.html?color=BR",16.98
Creature High Country Mesh Trucker Hat Black,"https://www.skatewarehouse.com/Creature_High_Country_Mesh_Trucker_Hat/descpage-CEHCMHT.html?color=BK",17.98
Jalopi I'm Lost Too Beanie Orange/Black/Yellow,"https://www.skatewarehouse.com/Jalopi_Im_Lost_Too_Beanie/descpage-AHJLOBN.html?color=OR",17.98
Brixton x Coors Light Silver Speed Snapback Hat Silver,"https://www.skatewarehouse.com/Brixton_x_Coors_Light_Silver_Speed_Snapback_Hat/descpage-BXCLSHT.html?color=LG",17.98
Hockey War On Mice T-Shirt,"https://www.skatewarehouse.com/Hockey_War_On_Mice_T-Shirt/descpage-HKWOMTS.html?color=RD",18.98
Limosine West Park T-Shirt,"https://www.skatewarehouse.com/Limosine_West_Park_T-Shirt/descpage-LSWPTS.html?color=LG",18.98
RVCA KSL Jersey S/S Crew Shirt,"https://www.skatewarehouse.com/RVCA_KSL_Jersey_S_S_Crew_Shirt/descpage-RCKSJCS.html?color=BL",19.98
Dickies Mike Anderson S/S Shirt Dark Olive,"https://www.skatewarehouse.com/Dickies_Mike_Anderson_S_S_Shirt/descpage-DKMACS.html?color=TN",19.98
HUF Love In The Air S/S Resort Shirt Pool Blue,"https://www.skatewarehouse.com/HUF_Love_In_The_Air_S_S_Resort_Shirt/descpage-HULACS.html?color=BL",19.98
Santa Cruz Screaming Cabana Pull On Boardshort,"https://www.skatewarehouse.com/Santa_Cruz_Screaming_Cabana_Pull_On_Boardshort/descpage-SCSCSH.html?color=BK",19.98
Thrasher x Spitfire The End Oath Crewneck Black,"https://www.skatewarehouse.com/Thrasher_x_Spitfire_The_End_Oath_Crewneck/descpage-THSOXCW.html?color=BK",19.98
Dickies Skateboarding Straight Leg Pant Green Moss,"https://www.skatewarehouse.com/Dickies_Skateboarding_Straight_Leg_Pant/descpage-DK67GM.html?color=GN",19.98
Adidas FSBS Prm 3 Pack Socks,"https://www.skatewarehouse.com/Adidas_FSBS_Prm_3_Pack_Socks/descpage-ADS3SO.html?color=AST",19.98
There Farce Strapback Hat Navy/White,"https://www.skatewarehouse.com/There_Farce_Strapback_Hat/descpage-THFNWHT.html?color=NV",19.98
Dickies Slim Fit Work Shirt Sand,"https://www.skatewarehouse.com/Dickies_Slim_Fit_Work_Shirt/descpage-DKWCS.html?color=TN",19.98
Powell-Peralta Yosozumi Samurai T-Shirt Aquatic Blue,"https://www.skatewarehouse.com/Powell-Peralta_Yosozumi_Samurai_T-Shirt/descpage-PLYSTS.html?color=BL",19.98
Powell-Peralta Anderson Hydrant II T-Shirt Lt Blue,"https://www.skatewarehouse.com/Powell-Peralta_Anderson_Hydrant_II_T-Shirt/descpage-PLMLSTS.html?color=BL",19.98
Independent Rhino T-Shirt Black,"https://www.skatewarehouse.com/Independent_Rhino_T-Shirt/descpage-CERHBTS.html?color=BK",19.98
Powell-Peralta Anderson Skull T-Shirt Old Gold,"https://www.skatewarehouse.com/Powell-Peralta_Anderson_Skull_T-Shirt/descpage-PLAOGTS.html?color=YE",19.98
HUF x Bronze 56k Baja Snapback Hat,"https://www.skatewarehouse.com/HUF_x_Bronze_56k_Baja_Snapback_Hat/descpage-HUBZHT.html?color=MU",19.98
Welcome x Harry Potter Army T-Shirt Black,"https://www.skatewarehouse.com/Welcome_x_Harry_Potter_Army_T-Shirt/descpage-WCPAXTS.html?color=BK",19.98
Dickies Tools Trucker Hat Black,"https://www.skatewarehouse.com/Dickies_Tools_Trucker_Hat/descpage-DKTTHT.html?color=BK",19.98
Independent Rhino T-Shirt White,"https://www.skatewarehouse.com/Independent_Rhino_T-Shirt/descpage-CERHWTS.html?color=WH",19.98
Powell-Peralta Dan Corrigan Chess Skulls T-Shirt Navy,"https://www.skatewarehouse.com/Powell-Peralta_Dan_Corrigan_Chess_Skulls_T-Shirt/descpage-PLCCSTS.html?color=NV",19.98
Powell-Peralta Anderson Vajra T-Shirt Burgundy,"https://www.skatewarehouse.com/Powell-Peralta_Anderson_Vajra_T-Shirt/descpage-PLAVTS.html?color=RD",19.98
Powell-Peralta Andy Anderson Skull T-Shirt Black,"https://www.skatewarehouse.com/Powell-Peralta_Andy_Anderson_Skull_T-Shirt/descpage-PLASTS.html?color=BK",19.98
DGK x Bruce Lee Focus T-Shirt Sand,"https://www.skatewarehouse.com/DGK_x_Bruce_Lee_Focus_T-Shirt/descpage-DKBFSTS.html?color=TN",19.98
Spitfire Mushroom Bighead Mesh Hat Black,"https://www.skatewarehouse.com/Spitfire_Mushroom_Bighead_Mesh_Hat/descpage-SFMBXHT.html?color=BK",21.98
Anti Hero One Eight Hauling Mesh Hat Black/Yellow,"https://www.skatewarehouse.com/Anti_Hero_One_Eight_Hauling_Mesh_Hat/descpage-AHOEXHT.html?color=BK",21.98
Real SFC Snapback Hat White/Navy,"https://www.skatewarehouse.com/Real_SFC_Snapback_Hat/descpage-RLSFWHT.html?color=WH",21.98
Fucking Awesome C'est FA T-Shirt,"https://www.skatewarehouse.com/Fucking_Awesome_Cest_FA_T-Shirt/descpage-FACETS.html?color=BK",21.98
Spitfire Demon Script Snapback Hat Navy/Red,"https://www.skatewarehouse.com/Spitfire_Demon_Script_Snapback_Hat/descpage-SFDSNHT.html?color=NV",21.98
Spitfire Classic '87 Swirl Patch Snapback Hat Black/Wht,"https://www.skatewarehouse.com/Spitfire_Classic_87_Swirl_Patch_Snapback_Hat/descpage-SF8XXHT.html?color=BK",21.98
Anti Hero Motorized Snapback Hat Charcoal/Orange,"https://www.skatewarehouse.com/Anti_Hero_Motorized_Snapback_Hat/descpage-AHMCOHT.html?color=DG",21.98
HUF All Caps Beanie Black/White,"https://www.skatewarehouse.com/HUF_All_Caps_Beanie/descpage-HUACXBN.html?color=BK",21.98
Spitfire Molotov Angel T-Shirt Military Green,"https://www.skatewarehouse.com/Spitfire_Molotov_Angel_T-Shirt/descpage-SFMAGTS.html?color=GN",21.98
RVCA Opposite Elastic 2 Trunks Ink,"https://www.skatewarehouse.com/RVCA_Opposite_Elastic_2_Trunks/descpage-RCOISH.html?color=NV",21.98
Krooked Two Eyes Fill T-Shirt Black,"https://www.skatewarehouse.com/Krooked_Two_Eyes_Fill_T-Shirt/descpage-KKTEXTS.html?color=BK",22.98
Krooked Stairs T-Shirt Black,"https://www.skatewarehouse.com/Krooked_Stairs_T-Shirt/descpage-KKSTXTS.html?color=BK",22.98
Independent Rhino Mesh Hat Black/Grey,"https://www.skatewarehouse.com/Independent_Rhino_Mesh_Hat/descpage-INRHMHT.html?color=BK",22.98
Krooked MG T-Shirt Military Green,"https://www.skatewarehouse.com/Krooked_MG_T-Shirt/descpage-KKMGGTS.html?color=GN",22.98
Dickies Lynndyl T-Shirt Egret,"https://www.skatewarehouse.com/Dickies_Lynndyl_T-Shirt/descpage-DKLYNTS.html?color=WH",23.98
Brixton Wilburn T-Shirt Cream,"https://www.skatewarehouse.com/Brixton_Wilburn_T-Shirt/descpage-BXWBCTS.html?color=TN",24.98
King Logo Hoodie,"https://www.skatewarehouse.com/King_Logo_Hoodie/descpage-KGLGHS.html",24.98
Vans Double Standard T-Shirt White/Black,"https://www.skatewarehouse.com/Vans_Double_Standard_T-Shirt/descpage-VADSWTS.html?color=WH",24.98
There x Sneakdiss T-Shirt White,"https://www.skatewarehouse.com/There_x_Sneakdiss_T-Shirt/descpage-THSDWTS.html?color=WH",24.98
Jalopi Rustbucket T-Shirt Heather Bone,"https://www.skatewarehouse.com/Jalopi_Rustbucket_T-Shirt/descpage-AHJRBTS.html?color=TN",24.98
Independent Built To Grind Pocket T-Shirt Sand,"https://www.skatewarehouse.com/Independent_Built_To_Grind_Pocket_T-Shirt/descpage-INBSDTS.html?color=TN",24.98
Anti Hero Curb Pit T-Shirt White,"https://www.skatewarehouse.com/Anti_Hero_Curb_Pit_T-Shirt/descpage-AHCPWTS.html?color=WH",24.98
Anti Hero Clean Safety T-Shirt New Silver,"https://www.skatewarehouse.com/Anti_Hero_Clean_Safety_T-Shirt/descpage-AHCSSTS.html?color=LG",24.98
Thrasher Cracked Crewneck Black,"https://www.skatewarehouse.com/Thrasher_Cracked_Crewneck/descpage-THCKXCW.html?color=BK",24.98
DGK x Bruce Lee Control Knit Shirt,"https://www.skatewarehouse.com/DGK_x_Bruce_Lee_Control_Knit_Shirt/descpage-DKBLCCS.html?color=MU",24.98
Vans MTE Daily Solid Sideline Boardshorts Black,"https://www.skatewarehouse.com/Vans_MTE_Daily_Solid_Sideline_Boardshorts/descpage-VADSXSH.html?color=BK",24.98
Dickies Johnsonville Flannel Black Multi,"https://www.skatewarehouse.com/Dickies_Johnsonville_Flannel/descpage-DKJVCS.html?color=BK",24.98
Baker Activate Beanie Black,"https://www.skatewarehouse.com/Baker_Activate_Beanie/descpage-BKACBN.html?color=BK",24.98
Dickies Johnsonville Flannel Pine Green,"https://www.skatewarehouse.com/Dickies_Johnsonville_Flannel/descpage-DKJVPCS.html?color=GN",24.98
Real SF Travel T-Shirt White,"https://www.skatewarehouse.com/Real_SF_Travel_T-Shirt/descpage-RLSFWTS.html?color=WH",24.98
Chocolate Queen Longsleeve T-Shirt,"https://www.skatewarehouse.com/Chocolate_Queen_Longsleeve_T-Shirt/descpage-CHQULS.html?color=BK",24.98
Santa Cruz Meyer Freestyle Dot Crew Sweatshirt,"https://www.skatewarehouse.com/Santa_Cruz_Meyer_Freestyle_Dot_Crew_Sweatshirt/descpage-SCMFCW.html?color=BK",26.98
Lovesick WDWYFW Hat Black/White,"https://www.skatewarehouse.com/Lovesick_WDWYFW_Hat/descpage-LSYWXHT.html?color=WH",27.98
Polar Skate Club Snapback Hat,"https://www.skatewarehouse.com/Polar_Skate_Club_Snapback_Hat/descpage-PLSCBHT.html?color=BK",27.98
Spitfire Splat Heavyweight Crewneck Asphalt,"https://www.skatewarehouse.com/Spitfire_Splat_Heavyweight_Crewneck/descpage-SFSHACW.html?color=DG",27.98
Thunder Screaming Grimple Crewneck Pigment Black,"https://www.skatewarehouse.com/Thunder_Screaming_Grimple_Crewneck/descpage-THSGXCW.html?color=BK",27.98
Santa Cruz Collage Oval Dot Hoodie Black,"https://www.skatewarehouse.com/Santa_Cruz_Collage_Oval_Dot_Hoodie/descpage-SCCOVHS.html?color=BK",29.98
HUF Big Block T-Shirt Cucumber,"https://www.skatewarehouse.com/HUF_Big_Block_T-Shirt/descpage-HUBBCTS.html?color=GN",29.98
HUF Box Logo Pocket T-Shirt White/Grey,"https://www.skatewarehouse.com/HUF_Box_Logo_Pocket_T-Shirt/descpage-HUBPWTS.html?color=WH",29.98
Anti Hero B.A. Lance Hoodie Navy,"https://www.skatewarehouse.com/Anti_Hero_BA_Lance_Hoodie/descpage-AHALNHS.html?color=NV",29.98
Vans LX Loose Fit T-Shirt Faded Black,"https://www.skatewarehouse.com/Vans_LX_Loose_Fit_T-Shirt/descpage-VALXXTS.html?color=BK",29.98
Anti Hero Phelps Lance Hoodie Grey Heather,"https://www.skatewarehouse.com/Anti_Hero_Phelps_Lance_Hoodie/descpage-AHPLGHS.html?color=LG",29.98
Anti Hero Customs Heavyweight Hoodie Heather Grey,"https://www.skatewarehouse.com/Anti_Hero_Customs_Heavyweight_Hoodie/descpage-AHCHGHS.html?color=LG",29.98
Frog Dino Logo Hoodie,"https://www.skatewarehouse.com/Frog_Dino_Logo_Hoodie/descpage-FGDNLHS.html?color=BK",29.98
Independent Bar Logo Pullover Hoodie Brown,"https://www.skatewarehouse.com/Independent_Bar_Logo_Pullover_Hoodie/descpage-INBLBHS.html?color=BR",29.98
Creature Possessed Pullover Hoodie Black,"https://www.skatewarehouse.com/Creature_Possessed_Pullover_Hoodie/descpage-CEPSHS.html?color=BK",29.98
Hockey on Hockey Hat,"https://www.skatewarehouse.com/Hockey_on_Hockey_Hat/descpage-HKHOHT.html?color=BK",29.98
Creature Sideshow Pullover Hoodie Black,"https://www.skatewarehouse.com/Creature_Sideshow_Pullover_Hoodie/descpage-CESDSHS.html?color=BK",29.98
Santa Cruz Salba Voodoo Pit Hoodie Black,"https://www.skatewarehouse.com/Santa_Cruz_Salba_Voodoo_Pit_Hoodie/descpage-SCSVDHS.html?color=BK",29.98
Santa Cruz Sol Spiral Hoodzip Grey Heather,"https://www.skatewarehouse.com/Santa_Cruz_Sol_Spiral_Hoodzip/descpage-SCSSGHZ.html?color=LG",29.98
Santa Cruz Outer OGSC Hoodzip Black,"https://www.skatewarehouse.com/Santa_Cruz_Outer_OGSC_Hoodzip/descpage-SCOUHZ.html?color=BK",29.98
Santa Cruz Sol Spiral Hoodzip Black,"https://www.skatewarehouse.com/Santa_Cruz_Sol_Spiral_Hoodzip/descpage-SCSSBHZ.html?color=BK",29.98
Spitfire Splat Hoodie Charcoal,"https://www.skatewarehouse.com/Spitfire_Splat_Hoodie/descpage-SFSPCHS.html?color=DG",29.98
Spitfire Lil Eternal EMB Heavyweight Crewneck Brown,"https://www.skatewarehouse.com/Spitfire_Lil_Eternal_EMB_Heavyweight_Crewneck/descpage-SFLEBCW.html?color=BR",29.98
Spitfire Eternal Fill Hoodie Army,"https://www.skatewarehouse.com/Spitfire_Eternal_Fill_Hoodie/descpage-SFEFAHS.html?color=GN",29.98
Santa Cruz Flamed MFG Dot Hoodzip,"https://www.skatewarehouse.com/Santa_Cruz_Flamed_MFG_Dot_Hoodzip/descpage-SCFBHZ.html?color=BK",29.98
Volcom Frickin Modern Stretch Chino Pants Grey Blue,"https://www.skatewarehouse.com/Volcom_Frickin_Modern_Stretch_Chino_Pants/descpage-VMFGBPT.html?color=GY",29.98
Baker Whizz Kid Snapback Hat,"https://www.skatewarehouse.com/Baker_Whizz_Kid_Snapback_Hat/descpage-BKWKHT.html?color=BK",29.98
Volcom Curbstone S/S Polo Shirt,"https://www.skatewarehouse.com/Volcom_Curbstone_S_S_Polo_Shirt/descpage-VMCSPO.html?color=GN",29.98
Santa Cruz Classic Flannel Shirt Black Plaid,"https://www.skatewarehouse.com/Santa_Cruz_Classic_Flannel_Shirt/descpage-SCCFLCS.html?color=BK",29.98
Real Street Cleaner Shorts Dark Wash,"https://www.skatewarehouse.com/Real_Street_Cleaner_Shorts/descpage-RLSCDSH.html?color=BL",29.98
Santa Cruz Classic Flannel Shirt Red Plaid,"https://www.skatewarehouse.com/Santa_Cruz_Classic_Flannel_Shirt/descpage-SCCFRCS.html?color=RD",29.98
RVCA Alvardo Stripe Woven Shirt Ceramic,"https://www.skatewarehouse.com/RVCA_Alvardo_Stripe_Woven_Shirt/descpage-RCASWCS.html?color=TN",29.98
RVCA KSL Loteria Elastic Trunks Multi,"https://www.skatewarehouse.com/RVCA_KSL_Loteria_Elastic_Trunks/descpage-RCKSLSH.html?color=MU",29.98
Thunder Screaming Banshee Hoodie Black,"https://www.skatewarehouse.com/Thunder_Screaming_Banshee_Hoodie/descpage-THSBXHS.html?color=BK",29.98
Thrasher Shadow Mag Logo Crewneck Sport Grey,"https://www.skatewarehouse.com/Thrasher_Shadow_Mag_Logo_Crewneck/descpage-THSMGCW.html?color=LG",29.98
Real Spot Conservators Hoodie Black,"https://www.skatewarehouse.com/Real_Spot_Conservators_Hoodie/descpage-RLSCXHS.html?color=BK",29.98
Krooked Kat Serpent Hoodie Black,"https://www.skatewarehouse.com/Krooked_Kat_Serpent_Hoodie/descpage-KKKSXHS.html?color=BK",29.98
Independent Manufactured Span Hoodzip Black,"https://www.skatewarehouse.com/Independent_Manufactured_Span_Hoodzip/descpage-INMSHZ.html?color=BK",29.98
Santa Cruz Malba Crash Dot Hoodie Black,"https://www.skatewarehouse.com/Santa_Cruz_Malba_Crash_Dot_Hoodie/descpage-SCMCBHS.html?color=BK",29.98
Krooked x Quartersnacks Snackman Hoodie Black,"https://www.skatewarehouse.com/Krooked_x_Quartersnacks_Snackman_Hoodie/descpage-KKQSXHS.html?color=BK",29.98
Venture Global Hoodie Black,"https://www.skatewarehouse.com/Venture_Global_Hoodie/descpage-VEGLXHS.html?color=BK",29.98
Baker Roses Snapback Hat,"https://www.skatewarehouse.com/Baker_Roses_Snapback_Hat/descpage-BKRSNHT.html?color=NV",31.98
Baker Old E T-Shirt Sand,"https://www.skatewarehouse.com/Baker_Old_E_T-Shirt/descpage-BKOETS.html?color=TN",32.98
Baker Pots & Flowers T-Shirt Black,"https://www.skatewarehouse.com/Baker_Pots__Flowers_T-Shirt/descpage-BKPFTS.html?color=BK",32.98
Deathwish Pale Horse T-Shirt,"https://www.skatewarehouse.com/Deathwish_Pale_Horse_T-Shirt/descpage-DWPLHTS.html?color=BK",32.98
Deathwish Compact Death T-Shirt,"https://www.skatewarehouse.com/Deathwish_Compact_Death_T-Shirt/descpage-DWCDTTS.html?color=BK",32.98
Santa Cruz Razor Dot Hoodie Pigment Black,"https://www.skatewarehouse.com/Santa_Cruz_Razor_Dot_Hoodie/descpage-SCRZDHS.html?color=BK",32.98
Santa Cruz Celtic Dogs Hoodie Bone,"https://www.skatewarehouse.com/Santa_Cruz_Celtic_Dogs_Hoodie/descpage-SCDCBHS.html?color=WH",32.98
Baker Axe Man T-Shirt Heather Grey,"https://www.skatewarehouse.com/Baker_Axe_Man_T-Shirt/descpage-BKAMTS.html?color=LG",32.98
Santa Cruz Classic Flannel Shirt Blue Plaid,"https://www.skatewarehouse.com/Santa_Cruz_Classic_Flannel_Shirt/descpage-SCBPCS.html?color=BL",32.98
Santa Cruz Classic Flannel Shirt Sand Plaid,"https://www.skatewarehouse.com/Santa_Cruz_Classic_Flannel_Shirt/descpage-SCSPCS.html?color=TN",32.98
RVCA Dayshift Flannel,"https://www.skatewarehouse.com/RVCA_Dayshift_Flannel/descpage-RCDFLCS.html?color=GN",34.98
Thrasher x Spitfire SF Loc Hoodie Black,"https://www.skatewarehouse.com/Thrasher_x_Spitfire_SF_Loc_Hoodie/descpage-THSLXHS.html?color=BK",34.98
Independent Groundwork Cargo Pants Chocolate,"https://www.skatewarehouse.com/Independent_Groundwork_Cargo_Pants/descpage-INGWCPT.html?color=BR",34.98
Heroin Curb Killer Work Shirt Navy,"https://www.skatewarehouse.com/Heroin_Curb_Killer_Work_Shirt/descpage-HRCKCS.html?color=NV",34.98
Independent Belmont S/S Flannel Shirt Black/Red,"https://www.skatewarehouse.com/Independent_Belmont_S_S_Flannel_Shirt/descpage-INBBRCS.html?color=BK2",34.98
Limosine Limo Logo Hoodie,"https://www.skatewarehouse.com/Limosine_Limo_Logo_Hoodie/descpage-LSLGHS.html?color=LG",34.98
Powell-Peralta Andy Anderson Skull Hoodie Maroon,"https://www.skatewarehouse.com/Powell-Peralta_Andy_Anderson_Skull_Hoodie/descpage-PLAMRHS.html?color=RD",34.98
Anti Hero Motorized Longsleeve T-Shirt Black/Gold,"https://www.skatewarehouse.com/Anti_Hero_Motorized_Longsleeve_T-Shirt/descpage-AHMXGTS.html?color=BK",34.98
Heroin Merged T-Shirt,"https://www.skatewarehouse.com/Heroin_Merged_T-Shirt/descpage-HRMRGTS.html?color=BK",34.98
Dickies x Thrasher Crew Sweatshirt,"https://www.skatewarehouse.com/Dickies_x_Thrasher_Crew_Sweatshirt/descpage-DKTHCW.html?color=LG",34.98
Independent Dressen Bar Embroidered Hoodie Black,"https://www.skatewarehouse.com/Independent_Dressen_Bar_Embroidered_Hoodie/descpage-INDBHS.html?color=BK",34.98
Adidas Tyshawn Track Pants Black/White/Grey,"https://www.skatewarehouse.com/Adidas_Tyshawn_Track_Pants/descpage-ADTBWPT.html?color=BK",34.98
Thrasher x Spitfire Bighead Outline Hoodie Ash,"https://www.skatewarehouse.com/Thrasher_x_Spitfire_Bighead_Outline_Hoodie/descpage-THSHAHS.html?color=LG",34.98
Heroin Bat Egg T-Shirt,"https://www.skatewarehouse.com/Heroin_Bat_Egg_T-Shirt/descpage-HRBETS.html?color=BK",34.98
Independent Rhino Hoodie Gunmetal Heather,"https://www.skatewarehouse.com/Independent_Rhino_Hoodie/descpage-INRGHS.html?color=DG",34.98
Girl Hello Kitty Rainbow Stacked Hoodie Cream,"https://www.skatewarehouse.com/Girl_Hello_Kitty_Rainbow_Stacked_Hoodie/descpage-GIHKRHS.html?color=WH",34.98
Independent Rhino Hoodie Black,"https://www.skatewarehouse.com/Independent_Rhino_Hoodie/descpage-INRBHS.html?color=BK",34.98
Polar Fill Logo Martas Roses T-Shirt,"https://www.skatewarehouse.com/Polar_Fill_Logo_Martas_Roses_T-Shirt/descpage-PLFMRTS.html?color=WH",39.98
Polar Lovely Day T-Shirt,"https://www.skatewarehouse.com/Polar_Lovely_Day_T-Shirt/descpage-PLLVDTS.html?color=BK",39.98
Hockey Paralysis Hoodie,"https://www.skatewarehouse.com/Hockey_Paralysis_Hoodie/descpage-HKPYHS.html?color=NV",39.98
HUF Sector Snapback Hat Black/Yellow,"https://www.skatewarehouse.com/HUF_Sector_Snapback_Hat/descpage-HUSCXHT.html?color=BK",39.98
FA Plaid Photo Copy T-Shirt,"https://www.skatewarehouse.com/FA_Plaid_Photo_Copy_T-Shirt/descpage-FAPFTS.html?color=BK",39.98
Dickies Relaxed Straight Work Jeans Dark Indigo,"https://www.skatewarehouse.com/Dickies_Relaxed_Straight_Work_Jeans/descpage-DKRSDI.html?color=DB",39.98
Spitfire Live To Burn Classic Hoodie Smoke,"https://www.skatewarehouse.com/Spitfire_Live_To_Burn_Classic_Hoodie/descpage-SFBCSHS.html?color=LG",39.98
Santa Cruz Pace Torch Knit Sweater Hoodzip,"https://www.skatewarehouse.com/Santa_Cruz_Pace_Torch_Knit_Sweater_Hoodzip/descpage-SCTSHZ.html?color=BK",39.98
DGK x Bruce Lee Focus Hoodie Black,"https://www.skatewarehouse.com/DGK_x_Bruce_Lee_Focus_Hoodie/descpage-DKBFXHS.html?color=BK",39.98
HUF Lasso Hoodie Black,"https://www.skatewarehouse.com/HUF_Lasso_Hoodie/descpage-HULSXHS.html?color=BK",39.98
Powell-Peralta Andy Anderson Hydrant Hoodie Black,"https://www.skatewarehouse.com/Powell-Peralta_Andy_Anderson_Hydrant_Hoodie/descpage-PLAHBHS.html?color=BK",39.98
Nike SB Essential Logo Hoodzip Cinnamon,"https://www.skatewarehouse.com/Nike_SB_Essential_Logo_Hoodzip/descpage-NKECNHZ.html?color=BR",39.98
Baker World Crusher Hoodie Black,"https://www.skatewarehouse.com/Baker_World_Crusher_Hoodie/descpage-BKWCHS.html?color=BK",39.98
HUF x Bronze 56k Soccer Jersey,"https://www.skatewarehouse.com/HUF_x_Bronze_56k_Soccer_Jersey/descpage-HUBZSJ.html?color=MU",39.98
Volcom Chillow Denim Jeans Deep River Blues,"https://www.skatewarehouse.com/Volcom_Chillow_Denim_Jeans/descpage-VMCHDM.html?color=BL",39.98
Creature Web 2 Relic Work Top,"https://www.skatewarehouse.com/Creature_Web_2_Relic_Work_Top/descpage-CEW2CS.html?color=BK",39.98
Volcom Billow Twill Pants Brindle,"https://www.skatewarehouse.com/Volcom_Billow_Twill_Pants/descpage-VMBRPT.html?color=TN",39.98
Dickies Venedocia Stripe S/S Shirt White,"https://www.skatewarehouse.com/Dickies_Venedocia_Stripe_S_S_Shirt/descpage-DKVESCS.html?color=WH",39.98
Thrasher x Spitfire Thrash & Burn Anorak Black Camo,"https://www.skatewarehouse.com/Thrasher_x_Spitfire_Thrash__Burn_Anorak/descpage-THSTCJK.html?color=CM",39.98
RVCA KSL Americana Jeans Dusty Blue Wash,"https://www.skatewarehouse.com/RVCA_KSL_Americana_Jeans/descpage-RCKSDM.html?color=BL",39.98
Dickies x Thrasher Pant Brown Duck,"https://www.skatewarehouse.com/Dickies_x_Thrasher_Pant/descpage-DKTHBPT.html?color=BR",39.98
Independent Built To Grind Work Vest Chocolate,"https://www.skatewarehouse.com/Independent_Built_To_Grind_Work_Vest/descpage-INBVJK.html?color=BR",39.98
Dickies Relaxed Straight Work Jeans Black Wash Faded,"https://www.skatewarehouse.com/Dickies_Relaxed_Straight_Work_Jeans/descpage-DKRSBWF.html?color=BK",39.98
Dickies Baggy Tapered Work Jeans Khaki Tinted Blue,"https://www.skatewarehouse.com/Dickies_Baggy_Tapered_Work_Jeans/descpage-DKBTKT.html?color=LB",39.98
Adidas Kader Pants Black,"https://www.skatewarehouse.com/Adidas_Kader_Pants/descpage-ADKBPT.html?color=BK",39.98
Volcom Wilderstone Lined Button Up Shirt,"https://www.skatewarehouse.com/Volcom_Wilderstone_Lined_Button_Up_Shirt/descpage-VMWLDCS.html?color=WH",39.98
Santa Cruz Flex Double Knee Pants Black,"https://www.skatewarehouse.com/Santa_Cruz_Flex_Double_Knee_Pants/descpage-SCFDKPT.html?color=BK",39.98
Baker Crust Flannel Jacket,"https://www.skatewarehouse.com/Baker_Crust_Flannel_Jacket/descpage-BKCRJK.html?color=BL",39.98
Santa Cruz Flex Double Knee Pants Sandstone,"https://www.skatewarehouse.com/Santa_Cruz_Flex_Double_Knee_Pants/descpage-SCFDSPT.html?color=TN",39.98
Dickies 1993 Regular Tapered Carpenter Jeans Clsc Bliue,"https://www.skatewarehouse.com/Dickies_1993_Regular_Tapered_Carpenter_Jeans/descpage-DK93CB.html?color=BL",39.98
Creature Switch L/S Reversible Flannel Jacket Black,"https://www.skatewarehouse.com/Creature_Switch_L_S_Reversible_Flannel_Jacket/descpage-CESRCS.html?color=BK",39.98
Independent BTG Sherpa Jacket Smoke/Black,"https://www.skatewarehouse.com/Independent_BTG_Sherpa_Jacket/descpage-INBSMJK.html?color=LG",39.98
Adidas Tyshawn Track Jacket Black/White/Grey,"https://www.skatewarehouse.com/Adidas_Tyshawn_Track_Jacket/descpage-ADTTJJK.html?color=BK",39.98
FA Yes This Is My Preferred Reality T-Shirt,"https://www.skatewarehouse.com/FA_Yes_This_Is_My_Preferred_Reality_T-Shirt/descpage-FAYTTS.html?color=BK",39.98
Independent Belmont Flannel Shirt Hthr Forest,"https://www.skatewarehouse.com/Independent_Belmont_Flannel_Shirt/descpage-CEBFLCS.html?color=GN",39.98
Nike SB Ishod T-Shirt Grey Heather,"https://www.skatewarehouse.com/Nike_SB_Ishod_T-Shirt/descpage-NKIGYTS.html?color=LG",42.98
Nike SB Ishod T-Shirt Black,"https://www.skatewarehouse.com/Nike_SB_Ishod_T-Shirt/descpage-NKIBKTS.html?color=BK",42.98
Creature Horizon Flannel Shirt Hunter,"https://www.skatewarehouse.com/Creature_Horizon_Flannel_Shirt/descpage-CEHNCS.html?color=BR",44.98
Creature Horizon Flannel Shirt Grey Scale,"https://www.skatewarehouse.com/Creature_Horizon_Flannel_Shirt/descpage-CEHFGCS.html?color=DG",44.98
Volcom Kraftsman II Denim Jeans Bold Blue,"https://www.skatewarehouse.com/Volcom_Kraftsman_II_Denim_Jeans/descpage-VMK2BB.html?color=BL",44.98
Creature Hesher Lightweight Bomber Jacket,"https://www.skatewarehouse.com/Creature_Hesher_Lightweight_Bomber_Jacket/descpage-CEHLWJK.html?color=GN",44.98
Independent Dressen Skull Rose Hooded Jacket Black,"https://www.skatewarehouse.com/Independent_Dressen_Skull_Rose_Hooded_Jacket/descpage-INSRJK.html?color=BK",44.98
Independent Dressen Skull Rose Hooded Jacket Burgundy,"https://www.skatewarehouse.com/Independent_Dressen_Skull_Rose_Hooded_Jacket/descpage-INSRBJK.html?color=RD",44.98
Independent Belmont L/S Flannel Black/White,"https://www.skatewarehouse.com/Independent_Belmont_L_S_Flannel/descpage-INBBWCS.html?color=BK",44.98
Independent Belmont S/S Flannel Shirt Black/Smoke,"https://www.skatewarehouse.com/Independent_Belmont_S_S_Flannel_Shirt/descpage-INBBSCS.html?color=BK",44.98
Creature Drop Out Varsity Jacket,"https://www.skatewarehouse.com/Creature_Drop_Out_Varsity_Jacket/descpage-CEDOJK.html?color=BK",44.98
Independent BTG Sherpa Jacket Black,"https://www.skatewarehouse.com/Independent_BTG_Sherpa_Jacket/descpage-INBSBJK.html?color=BK",44.98
Dickies Loose Straight Double Knee Jeans Denim Vnt Wash,"https://www.skatewarehouse.com/Dickies_Loose_Straight_Double_Knee_Jeans/descpage-DKDKVW.html?color=LB",44.98
Nike SB Loose Denim Pants Football Grey,"https://www.skatewarehouse.com/Nike_SB_Loose_Denim_Pants/descpage-NKLDFDM.html?color=BL",44.98
Dickies 1993 Loose Straight Carpenter Jeans Dk Indigo,"https://www.skatewarehouse.com/Dickies_1993_Loose_Straight_Carpenter_Jeans/descpage-DK93DI.html?color=DB",44.98
Dickies Union Loose Straight Twill Pants Timber Brown,"https://www.skatewarehouse.com/Dickies_Union_Loose_Straight_Twill_Pants/descpage-DKULTB.html?color=BR",44.98
Dickies Loose Straight Double Knee Jeans Grey Wash Tint,"https://www.skatewarehouse.com/Dickies_Loose_Straight_Double_Knee_Jeans/descpage-DKDKGW.html?color=GY",44.98
Nike SB Rolling Pullover Hoodie Black,"https://www.skatewarehouse.com/Nike_SB_Rolling_Pullover_Hoodie/descpage-NKRPHS.html?color=BK",44.98
Independent Built To Grind Jacket Black,"https://www.skatewarehouse.com/Independent_Built_To_Grind_Jacket/descpage-INBGJK.html?color=BK",46.98
Creature Hesher Flame Bomber Jacket,"https://www.skatewarehouse.com/Creature_Hesher_Flame_Bomber_Jacket/descpage-CEHFBJK.html?color=BK",49.98
Krooked Two Eyes Fill Crewneck Army,"https://www.skatewarehouse.com/Krooked_Two_Eyes_Fill_Crewneck/descpage-KKTEACW.html?color=GN",49.98
Independent Belmont L/S Flannel Brown/Tan,"https://www.skatewarehouse.com/Independent_Belmont_L_S_Flannel/descpage-INBBTCS.html?color=BR",49.98
Powell-Peralta Rat Bones Hoodzip Black,"https://www.skatewarehouse.com/Powell-Peralta_Rat_Bones_Hoodzip/descpage-PLRBBHZ.html?color=BK",49.98
Powell-Peralta Ripper Hoodzip Misty Blue,"https://www.skatewarehouse.com/Powell-Peralta_Ripper_Hoodzip/descpage-PLRMBHZ.html?color=BL",49.98
Brixton Charter Print S/S Woven Off White/Diamond Tile,"https://www.skatewarehouse.com/Brixton_Charter_Print_S_S_Woven/descpage-BXCPWCS.html?color=WH",52.98
Anti Hero Lil Eagle Hooded Zip Up Jacket Army,"https://www.skatewarehouse.com/Anti_Hero_Lil_Eagle_Hooded_Zip_Up_Jacket/descpage-AHLEAJK.html?color=GN",54.98
There Sally Flannel Red Plaid,"https://www.skatewarehouse.com/There_Sally_Flannel/descpage-THSLRCS.html?color=RD",54.98
GX1000 Satin Bomber Jacket,"https://www.skatewarehouse.com/GX1000_Satin_Bomber_Jacket/descpage-GXSBJK.html?color=BK",54.98
Spitfire Classic Wing Hoodie Navy,"https://www.skatewarehouse.com/Spitfire_Classic_Wing_Hoodie/descpage-SFCWNHS.html?color=NV",54.98
Spitfire Mushroom Bighead Hoodie Black,"https://www.skatewarehouse.com/Spitfire_Mushroom_Bighead_Hoodie/descpage-SFMBXHS.html?color=BK",54.98
Brixton Bowery Lightweight Flannel Future Grey,"https://www.skatewarehouse.com/Brixton_Bowery_Lightweight_Flannel/descpage-BXBWFG.html?color=DG",54.98
Nike SB Denim Track Jacket Football Grey,"https://www.skatewarehouse.com/Nike_SB_Denim_Track_Jacket/descpage-NKDTJJK.html?color=BL",56.98
Thrasher Mag Logo Dugout Jacket Black/White,"https://www.skatewarehouse.com/Thrasher_Mag_Logo_Dugout_Jacket/descpage-THMDXJK.html?color=BK",59.98
Nike SB Strtdyman Jacket Sail,"https://www.skatewarehouse.com/Nike_SB_Strtdyman_Jacket/descpage-NKSTMJK.html?color=BR",59.98
Volcom Chillow Denim Jeans New Black,"https://www.skatewarehouse.com/Volcom_Chillow_Denim_Jeans/descpage-VMCHNB.html?color=BK",59.98
Baker Warner Denim Shorts Blue Denim,"https://www.skatewarehouse.com/Baker_Warner_Denim_Shorts/descpage-BKWBDSH.html?color=BL",59.98
Volcom Solver Jeans Bold Blue,"https://www.skatewarehouse.com/Volcom_Solver_Jeans/descpage-VMSVBBU.html?color=BL",59.98
Vans Check-5 Loose Denim Pants Dark Brown,"https://www.skatewarehouse.com/Vans_Check-5_Loose_Denim_Pants/descpage-VACBDM.html?color=BR",59.98
Volcom Kinkade Jeans Park Blue,"https://www.skatewarehouse.com/Volcom_Kinkade_Jeans/descpage-VMKKPB.html?color=BL",62.98
Polar '89! Denim Jeans Dark Blue,"https://www.skatewarehouse.com/Polar_89_Denim_Jeans/descpage-PL89BPT.html?color=DB",64.98
Volcom Chillow Denim Jeans Black Grey,"https://www.skatewarehouse.com/Volcom_Chillow_Denim_Jeans/descpage-VMCHBG.html?color=BK",64.98
Volcom Stonevise Flannel Shirt,"https://www.skatewarehouse.com/Volcom_Stonevise_Flannel_Shirt/descpage-VMSTVCS.html?color=BK",64.98
Krooked Eyes Twill Shorts Navy,"https://www.skatewarehouse.com/Krooked_Eyes_Twill_Shorts/descpage-KKETNSH.html?color=NV",64.98
Volcom 2K Stone Crew Sweatshirt,"https://www.skatewarehouse.com/Volcom_2K_Stone_Crew_Sweatshirt/descpage-VM2KHS.html?color=BK",64.98
Polar '89! Denim Jeans Mid Blue,"https://www.skatewarehouse.com/Polar_89_Denim_Jeans/descpage-PL89MPT.html?color=BL",64.98
Real Street Cleaner Shorts Light Bleached Wash,"https://www.skatewarehouse.com/Real_Street_Cleaner_Shorts/descpage-RLSCLSH.html?color=BL",64.98
Polar '93 Cords Pant Silver,"https://www.skatewarehouse.com/Polar_93_Cords_Pant/descpage-PL9DSPT.html?color=GY",64.98
Polar '93 Cords Pant Dark Emerald,"https://www.skatewarehouse.com/Polar_93_Cords_Pant/descpage-PL9DEPT.html?color=GN",64.98
Polar Mitchell L/S Flannel Shirt,"https://www.skatewarehouse.com/Polar_Mitchell_L_S_Flannel_Shirt/descpage-PLH24CS.html?color=BL",64.98
Volcom Billow Denim Jeans Dust Bowl Indigo,"https://www.skatewarehouse.com/Volcom_Billow_Denim_Jeans/descpage-VMBDDDM.html?color=BL",64.98
HUF Classic Arch Hoodie Sand,"https://www.skatewarehouse.com/HUF_Classic_Arch_Hoodie/descpage-HUCASHS.html?color=TN",69.98
Deathwish Facchini Denim Jeans,"https://www.skatewarehouse.com/Deathwish_Facchini_Denim_Jeans/descpage-DWFCDM.html?color=BK",69.98
Spitfire Classic '87 Swirl Shirt Jacket Olive,"https://www.skatewarehouse.com/Spitfire_Classic_87_Swirl_Shirt_Jacket/descpage-SF8SOJK.html?color=GN",69.98
Polar '93 Denim Jeans One Wash,"https://www.skatewarehouse.com/Polar_93_Denim_Jeans/descpage-PL93OPT.html?color=DB",69.98
Spitfire Bighead Fill Denim Pant Black,"https://www.skatewarehouse.com/Spitfire_Bighead_Fill_Denim_Pant/descpage-SFBHXPT.html?color=BK",74.98
Spitfire Eternal Pants Olive,"https://www.skatewarehouse.com/Spitfire_Eternal_Pants/descpage-SFEOPT.html?color=GN",74.98
Krooked Koffin Carpenter Pants Dark Rinse Denim,"https://www.skatewarehouse.com/Krooked_Koffin_Carpenter_Pants/descpage-KKCDRPT.html?color=BL",74.98
Anti Hero Hecho Por Skate Pants Brown,"https://www.skatewarehouse.com/Anti_Hero_Hecho_Por_Skate_Pants/descpage-AHHSBPT.html?color=BR",74.98
Polar Big Boy Cords Pant Uniform Green,"https://www.skatewarehouse.com/Polar_Big_Boy_Cords_Pant/descpage-PLDBUPT.html?color=GN",74.98
Anti Hero Hecho Por Skate Pants Dark Olive,"https://www.skatewarehouse.com/Anti_Hero_Hecho_Por_Skate_Pants/descpage-AHHSOPT.html?color=GN",74.98
Volcom Dialed Work Pants Black Stripe,"https://www.skatewarehouse.com/Volcom_Dialed_Work_Pants/descpage-VMDWPT.html?color=BK",79.98
Brixton Builders Carpenter Pant Primary Green,"https://www.skatewarehouse.com/Brixton_Builders_Carpenter_Pant/descpage-BXBPGPT.html?color=GN",79.98
HUF Basic Ass Jeans Black Tint,"https://www.skatewarehouse.com/HUF_Basic_Ass_Jeans/descpage-HUBAXPT.html?color=BK",79.98
Volcom Kinkade Jeans Cosmic Blue,"https://www.skatewarehouse.com/Volcom_Kinkade_Jeans/descpage-VMKKCB.html?color=BL",79.98
Dickies Union Barn Jacket Timber Brown,"https://www.skatewarehouse.com/Dickies_Union_Barn_Jacket/descpage-DKUBJK.html?color=BR",84.98
Baker Warner Denim Pants Blue Denim,"https://www.skatewarehouse.com/Baker_Warner_Denim_Pants/descpage-BKWDBPT.html?color=BL",86.98
Polar Big Boy Jeans Black/Blue,"https://www.skatewarehouse.com/Polar_Big_Boy_Jeans/descpage-PLBBUDM.html?color=BK",89.98
FA Sad Madness Hoodzip,"https://www.skatewarehouse.com/FA_Sad_Madness_Hoodzip/descpage-FASADHS.html",89.98
Polar '91 Denim Jeans Aged Black,"https://www.skatewarehouse.com/Polar_91_Denim_Jeans/descpage-PL91APT.html?color=BK",89.98
Volcom Work Carpenter Denim Jeans Park Blue,"https://www.skatewarehouse.com/Volcom_Work_Carpenter_Denim_Jeans/descpage-VMWCDM.html?color=BL",94.98
Nike SB Ishod Cargo Fleece Pant Black,"https://www.skatewarehouse.com/Nike_SB_Ishod_Cargo_Fleece_Pant/descpage-NKICBPT.html?color=BK",119.98
Polar Big Boy Jeans Heavy Washed Blue,"https://www.skatewarehouse.com/Polar_Big_Boy_Jeans/descpage-PLBJHPT.html?color=LB",119.98
Nike SB Ishod Track Jacket Black,"https://www.skatewarehouse.com/Nike_SB_Ishod_Track_Jacket/descpage-NKITJK.html?color=BK",129.98
Polar '91 Denim Jeans Sand,"https://www.skatewarehouse.com/Polar_91_Denim_Jeans/descpage-PL91SPT.html?color=WH",134.98
Polar '91 Denim Jeans Washed Grey,"https://www.skatewarehouse.com/Polar_91_Denim_Jeans/descpage-PL91WPT.html?color=GY",134.98
Polar Patrik Jacket,"https://www.skatewarehouse.com/Polar_Patrik_Jacket/descpage-PLPKJK.html?color=BL",179.98
